experiment,event_id,date,energy_EeV,ra_deg,dec_deg,source
PierreAuger,PAO050705,2005-07-05,127.0,45.8,-1.7,Abdul Halim+2023 ApJS 264 50 arXiv:2211.16020 catalog data files opendata.auger.org/catalog; reco Cdas v6r2p2; summary table E=127+-10; theta=57.3; utc_unix=1120579594; J2000
PierreAuger,PAO070114,2007-01-14,164.7,192.9,-21.2,Abdul Halim+2023 ApJS 264 50 arXiv:2211.16020 catalog data files opendata.auger.org/catalog; reco Cdas v6r2p2; summary table E=165+-13; theta=14.2; utc_unix=1168768186; J2000
PierreAuger,PAO080118,2008-01-18,123.7,352.5,-20.8,Abdul Halim+2023 ApJS 264 50 arXiv:2211.16020 catalog data files opendata.auger.org/catalog; reco Cdas v6r2p2; summary table E=124+-10; theta=50.3; utc_unix=1200700649; J2000
PierreAuger,PAO080925,2008-09-25,139.9,287.8,1.5,Abdul Halim+2023 ApJS 264 50 arXiv:2211.16020 catalog data files opendata.auger.org/catalog; reco Cdas v6r2p2; summary table E=140+-11; theta=49.8; utc_unix=1222307719; J2000
PierreAuger,PAO101011,2010-10-11,101.0,218.7,-70.8,Abdul Halim+2023 ApJS 264 50 arXiv:2211.16020 catalog data files opendata.auger.org/catalog; reco Cdas v6r2p2; summary table E=101+-8; theta=48.6; utc_unix=1286834739; J2000
PierreAuger,PAO110127,2011-01-27,115.8,150.0,-10.4,Abdul Halim+2023 ApJS 264 50 arXiv:2211.16020 catalog data files opendata.auger.org/catalog; reco Cdas v6r2p2; summary table E=116+-9; theta=24.9; utc_unix=1296108817; J2000
PierreAuger,PAO111228,2011-12-28,107.8,344.1,-71.5,Abdul Halim+2023 ApJS 264 50 arXiv:2211.16020 catalog data files opendata.auger.org/catalog; reco Cdas v6r2p2; summary table E=108+-9; theta=47.4; utc_unix=1325034337; J2000
PierreAuger,PAO120321,2012-03-21,104.3,309.2,-66.7,Abdul Halim+2023 ApJS 264 50 arXiv:2211.16020 catalog data files opendata.auger.org/catalog; reco Cdas v6r2p2; summary table E=104+-8; theta=47.4; utc_unix=1332350782; J2000
PierreAuger,PAO140306,2014-03-06,130.6,340.6,12.0,Abdul Halim+2023 ApJS 264 50 arXiv:2211.16020 catalog data files opendata.auger.org/catalog; reco Cdas v6r2p2; summary table E=131+-10; theta=58.5; utc_unix=1394114269; J2000
PierreAuger,PAO140422,2014-04-22,105.7,164.6,-20.1,Abdul Halim+2023 ApJS 264 50 arXiv:2211.16020 catalog data files opendata.auger.org/catalog; reco Cdas v6r2p2; summary table E=106+-8; theta=15.5; utc_unix=1398131239; J2000
PierreAuger,PAO141021,2014-10-21,155.1,102.9,-37.8,Abdul Halim+2023 ApJS 264 50 arXiv:2211.16020 catalog data files opendata.auger.org/catalog; reco Cdas v6r2p2; summary table E=155+-12; theta=6.8; utc_unix=1413885674; J2000
PierreAuger,PAO141225,2014-12-25,106.8,313.3,-4.5,Abdul Halim+2023 ApJS 264 50 arXiv:2211.16020 catalog data files opendata.auger.org/catalog; reco Cdas v6r2p2; summary table E=107+-8; theta=45.1; utc_unix=1419543426; J2000
PierreAuger,PAO150327,2015-03-27,106.2,333.7,-11.0,Abdul Halim+2023 ApJS 264 50 arXiv:2211.16020 catalog data files opendata.auger.org/catalog; reco Cdas v6r2p2; summary table E=106+-8; theta=28.2; utc_unix=1427462822; J2000
PierreAuger,PAO150523,2015-05-23,107.1,83.1,-51.1,Abdul Halim+2023 ApJS 264 50 arXiv:2211.16020 catalog data files opendata.auger.org/catalog; reco Cdas v6r2p2; summary table E=107+-9; theta=39.2; utc_unix=1432416422; J2000
PierreAuger,PAO150825,2015-08-25,124.9,284.8,-48.0,Abdul Halim+2023 ApJS 264 50 arXiv:2211.16020 catalog data files opendata.auger.org/catalog; reco Cdas v6r2p2; summary table E=125+-10; theta=20.1; utc_unix=1440460829; J2000
PierreAuger,PAO150926,2015-09-26,113.3,21.7,-13.8,Abdul Halim+2023 ApJS 264 50 arXiv:2211.16020 catalog data files opendata.auger.org/catalog; reco Efit v9r8p3-fix6T5-cdas-v6r2p2; summary table E=113+-14; theta=77.2; utc_unix=1443266386; J2000
PierreAuger,PAO151201,2015-12-01,105.1,169.9,-59.8,Abdul Halim+2023 ApJS 264 50 arXiv:2211.16020 catalog data files opendata.auger.org/catalog; reco Cdas v6r2p2; summary table E=105+-8; theta=47.7; utc_unix=1448953110; J2000
PierreAuger,PAO160121,2016-01-21,121.8,231.4,-34.0,Abdul Halim+2023 ApJS 264 50 arXiv:2211.16020 catalog data files opendata.auger.org/catalog; reco Cdas v6r2p2; summary table E=122+-10; theta=13.7; utc_unix=1453381745; J2000; summary CSV prints RA=231.5 Dec=-34
PierreAuger,PAO160127,2016-01-27,122.3,175.6,-37.7,Abdul Halim+2023 ApJS 264 50 arXiv:2211.16020 catalog data files opendata.auger.org/catalog; reco Cdas v6r2p2; summary table E=122+-10; theta=22.6; utc_unix=1453874568; J2000
PierreAuger,PAO160309,2016-03-09,115.2,151.5,-12.6,Abdul Halim+2023 ApJS 264 50 arXiv:2211.16020 catalog data files opendata.auger.org/catalog; reco Cdas v6r2p2; summary table E=115+-9; theta=23.7; utc_unix=1457496302; J2000
PierreAuger,PAO160816,2016-08-16,102.3,222.9,-34.1,Abdul Halim+2023 ApJS 264 50 arXiv:2211.16020 catalog data files opendata.auger.org/catalog; reco Cdas v6r2p2; summary table E=102+-8; theta=48; utc_unix=1471311990; J2000
PierreAuger,PAO161024,2016-10-24,110.6,352.1,13.2,Abdul Halim+2023 ApJS 264 50 arXiv:2211.16020 catalog data files opendata.auger.org/catalog; reco Cdas v6r2p2; summary table E=111+-9; theta=49.5; utc_unix=1477276760; J2000
PierreAuger,PAO171228,2017-12-28,131.6,107.8,-44.7,Abdul Halim+2023 ApJS 264 50 arXiv:2211.16020 catalog data files opendata.auger.org/catalog; reco Cdas v6r2p2; summary table E=132+-10; theta=41.7; utc_unix=1514425553; J2000
PierreAuger,PAO180624,2018-06-24,109.6,300.0,-22.6,Abdul Halim+2023 ApJS 264 50 arXiv:2211.16020 catalog data files opendata.auger.org/catalog; reco Cdas v6r2p2; summary table E=110+-9; theta=42.7; utc_unix=1529810463; J2000
PierreAuger,PAO180805,2018-08-05,100.7,223.9,-26.3,Abdul Halim+2023 ApJS 264 50 arXiv:2211.16020 catalog data files opendata.auger.org/catalog; reco Cdas v6r2p2; summary table E=101+-8; theta=9.9; utc_unix=1533509604; J2000
PierreAuger,PAO180812,2018-08-12,146.5,125.0,-0.6,Abdul Halim+2023 ApJS 264 50 arXiv:2211.16020 catalog data files opendata.auger.org/catalog; reco Cdas v6r2p2; summary table E=146+-12; theta=47.9; utc_unix=1534096475; J2000
PierreAuger,PAO181203,2018-12-03,107.0,65.8,-26.3,Abdul Halim+2023 ApJS 264 50 arXiv:2211.16020 catalog data files opendata.auger.org/catalog; reco Cdas v6r2p2; summary table E=107+-9; theta=12.5; utc_unix=1543812862; J2000
PierreAuger,PAO190303,2019-03-03,107.6,185.9,-70.7,Abdul Halim+2023 ApJS 264 50 arXiv:2211.16020 catalog data files opendata.auger.org/catalog; reco Cdas v6r2p2; summary table E=108+-9; theta=48.6; utc_unix=1551609400; J2000
PierreAuger,PAO190428,2019-04-28,132.6,275.0,-42.1,Abdul Halim+2023 ApJS 264 50 arXiv:2211.16020 catalog data files opendata.auger.org/catalog; reco Cdas v6r2p2; summary table E=133+-11; theta=14.8; utc_unix=1556436334; J2000
PierreAuger,PAO191110,2019-11-10,165.5,128.9,-52.0,Abdul Halim+2023 ApJS 264 50 arXiv:2211.16020 catalog data files opendata.auger.org/catalog; reco Cdas v6r2p2; summary table E=166+-13; theta=58.6; utc_unix=1573399408; J2000
PierreAuger,PAO191206,2019-12-06,101.2,206.6,0.4,Abdul Halim+2023 ApJS 264 50 arXiv:2211.16020 catalog data files opendata.auger.org/catalog; reco Cdas v6r2p2; summary table E=101+-8; theta=36.1; utc_unix=1575640030; J2000
PierreAuger,PAO200127,2020-01-27,102.6,98.1,-36.1,Abdul Halim+2023 ApJS 264 50 arXiv:2211.16020 catalog data files opendata.auger.org/catalog; reco Cdas v6r2p2; summary table E=103+-8; theta=1.4; utc_unix=1580092842; J2000
PierreAuger,PAO200306,2020-03-06,109.7,133.6,-38.3,Abdul Halim+2023 ApJS 264 50 arXiv:2211.16020 catalog data files opendata.auger.org/catalog; reco Cdas v6r2p2; summary table E=110+-9; theta=41.4; utc_unix=1583535647; J2000
PierreAuger,PAO200313,2020-03-13,104.1,133.3,-75.1,Abdul Halim+2023 ApJS 264 50 arXiv:2211.16020 catalog data files opendata.auger.org/catalog; reco Efit v9r8p3-fix6T5-cdas-v6r2p2; summary table E=104+-12; theta=65.1; utc_unix=1584120052; J2000
PierreAuger,PAO200611,2020-06-11,155.2,107.2,-47.6,Abdul Halim+2023 ApJS 264 50 arXiv:2211.16020 catalog data files opendata.auger.org/catalog; reco Cdas v6r2p2; summary table E=155+-12; theta=18.9; utc_unix=1591895321; J2000
TelescopeArray,TA20080629_082245,2008-06-29,101.4,285.74,-1.69,Abbasi+2014 ApJ 790 L21 arXiv:1404.5890 Table 1; UTC 08:22:45; theta=41.20; E on FD scale (SD/1.27); equinox not printed
TelescopeArray,TA20080720_043532,2008-07-20,120.3,285.46,33.62,Abbasi+2014 ApJ 790 L21 arXiv:1404.5890 Table 1; UTC 04:35:32; theta=25.61; E on FD scale (SD/1.27); equinox not printed
TelescopeArray,TA20080801_230133,2008-08-01,139.0,152.27,11.10,Abbasi+2014 ApJ 790 L21 arXiv:1404.5890 Table 1; UTC 23:01:33; theta=39.43; E on FD scale (SD/1.27); equinox not printed
TelescopeArray,TA20080810_124504,2008-08-10,122.2,347.73,39.46,Abbasi+2014 ApJ 790 L21 arXiv:1404.5890 Table 1; UTC 12:45:04; theta=38.04; E on FD scale (SD/1.27); equinox not printed
TelescopeArray,TA20090713_043852,2009-07-13,154.3,239.85,-0.41,Abbasi+2014 ApJ 790 L21 arXiv:1404.5890 Table 1; UTC 04:38:52; theta=40.41; E on FD scale (SD/1.27); equinox not printed
TelescopeArray,TA20100921_203706,2010-09-21,162.2,205.08,20.05,Abbasi+2014 ApJ 790 L21 arXiv:1404.5890 Table 1; UTC 20:37:06; theta=20.56; E on FD scale (SD/1.27); equinox not printed
TelescopeArray,TA20110108_184041,2011-01-08,124.8,295.61,43.53,Abbasi+2014 ApJ 790 L21 arXiv:1404.5890 Table 1; UTC 18:40:41; theta=15.88; E on FD scale (SD/1.27); equinox not printed
TelescopeArray,TA20110228_161626,2011-02-28,135.5,288.30,0.34,Abbasi+2014 ApJ 790 L21 arXiv:1404.5890 Table 1; UTC 16:16:26; theta=38.94; E on FD scale (SD/1.27); equinox not printed
TelescopeArray,TA20120411_062045,2012-04-11,101.0,219.66,38.46,Abbasi+2014 ApJ 790 L21 arXiv:1404.5890 Table 1; UTC 06:20:45; theta=29.10; E on FD scale (SD/1.27); equinox not printed
TelescopeArray,TA20130321_224518,2013-03-21,106.8,37.59,13.89,Abbasi+2014 ApJ 790 L21 arXiv:1404.5890 Table 1; UTC 22:45:18; theta=26.91; E on FD scale (SD/1.27); equinox not printed
TelescopeArray,TA20210527_103556,2021-05-27,244,255.9,16.1,Abbasi+2023 Science 382 903 arXiv:2311.14231 Table 1 (Amaterasu); UTC 10:35:56; E=244+-29(stat) +51-76(syst) on FD scale; original SD-scale E=309+-37(stat); RA+-0.6 Dec+-0.5; theta=38.6; Zenodo 10.5281/zenodo.8427755 file has E=243.611 RA=255.845 Dec=16.0845; equinox not printed
AGASA,AGASA_930112,1993-01-12,101,124.25,16.8,AGASA site www-akeno.icrr.u-tokyo.ac.jp/AGASA/results.html (modified 2003-06-24) Table 1 and Takeda+1999 ApJ 522 225 astro-ph/9902239 Table 2; date and time JST; time 02:41:13; E printed 1.01e20 eV (10.12e19 in paper); RA printed 08h 17m; J2000.0 per paper footnote; site prints the date as 1993 01 21
AGASA,AGASA_931203,1993-12-03,213,18.75,21.1,AGASA site www-akeno.icrr.u-tokyo.ac.jp/AGASA/results.html (modified 2003-06-24) Table 1 and Takeda+1999 ApJ 522 225 astro-ph/9902239 Table 2; date and time JST; time 21:32:47; E printed 2.13e20 eV (21.3e19 in paper); RA printed 01h 15m; J2000.0 per paper footnote
AGASA,AGASA_940706,1994-07-06,134,281.25,48.3,AGASA site www-akeno.icrr.u-tokyo.ac.jp/AGASA/results.html (modified 2003-06-24) Table 1 and Takeda+1999 ApJ 522 225 astro-ph/9902239 Table 2; date and time JST; time 20:34:54; E printed 1.34e20 eV (13.4e19 in paper); RA printed 18h 45m; J2000.0 per paper footnote
AGASA,AGASA_960111,1996-01-11,144,241.50,23.0,AGASA site www-akeno.icrr.u-tokyo.ac.jp/AGASA/results.html (modified 2003-06-24) Table 1 and Takeda+1999 ApJ 522 225 astro-ph/9902239 Table 2; date and time JST; time 09:01:21; E printed 1.44e20 eV (14.4e19 in paper); RA printed 16h 06m; J2000.0 per paper footnote
AGASA,AGASA_961022,1996-10-22,105,298.50,18.7,AGASA site www-akeno.icrr.u-tokyo.ac.jp/AGASA/results.html (modified 2003-06-24) Table 1 and Takeda+1999 ApJ 522 225 astro-ph/9902239 Table 2; date and time JST; time 15:24:10; E printed 1.05e20 eV (10.5e19 in paper); RA printed 19h 54m; J2000.0 per paper footnote
AGASA,AGASA_970330,1997-03-30,150,294.50,-5.8,AGASA site www-akeno.icrr.u-tokyo.ac.jp/AGASA/results.html (modified 2003-06-24) Table 1 and Takeda+1999 ApJ 522 225 astro-ph/9902239 Table 2; date and time JST; time 07:58:21; E printed 1.50e20 eV (15.0e19 in paper); RA printed 19h 38m; J2000.0 per paper footnote
AGASA,AGASA_980612,1998-06-12,120,349.00,12.3,AGASA site www-akeno.icrr.u-tokyo.ac.jp/AGASA/results.html (modified 2003-06-24) Table 1 and Takeda+1999 ApJ 522 225 astro-ph/9902239 Table 2; date and time JST; time 06:43:49; E printed 1.20e20 eV (12.0e19 in paper); RA printed 23h 16m; J2000.0 per paper footnote
AGASA,AGASA_990922,1999-09-22,104,345.75,33.9,AGASA site www-akeno.icrr.u-tokyo.ac.jp/AGASA/results.html (modified 2003-06-24) Table 1 and Hayashida+2000 astro-ph/0008102 Table 1; date and time JST; time 01:43:30; E printed 1.04e20 eV (10.4e19 in paper); RA printed 23h 03m; J2000.0 assumed as in Takeda+1999
AGASA,AGASA_010430,2001-04-30,122,176.00,36.3,AGASA site www-akeno.icrr.u-tokyo.ac.jp/AGASA/results.html (modified 2003-06-24) Table 1 only; date and time JST; time 19:00; E printed 1.22e20 eV; RA printed 11h 44m; J2000.0 assumed as in Takeda+1999
AGASA,AGASA_010510,2001-05-10,246,358.50,22.3,AGASA site www-akeno.icrr.u-tokyo.ac.jp/AGASA/results.html (modified 2003-06-24) Table 1 only; date and time JST; time 11:05; E printed 2.46e20 eV; RA printed 23h 54m; J2000.0 assumed as in Takeda+1999; TA paper cites a 280 EeV 2001 event (Sakaki+ ICRC 2001) not checked against this one
AGASA,AGASA_020409,2002-04-09,121,84.00,29.0,AGASA site www-akeno.icrr.u-tokyo.ac.jp/AGASA/results.html (modified 2003-06-24) Table 1 only; date and time JST; time 17:53; E printed 1.21e20 eV; RA printed 05h 36m; J2000.0 assumed as in Takeda+1999
FlysEye,FE19911015_073416,1991-10-15,320,,,Bird+1995 ApJ 441 144 (astro-ph/9410067) Table 1; UT 07:34:16; E=320 +92/-94 EeV combined; coordinates printed in 1950 equinox: RA=85.2 Dec=48.0 (RA+-0.5 Dec +5.2/-6.3); galactic l=163.4 b=9.6; ra/dec left empty because not J2000
Yakutsk,Yakutsk_19890507,1989-05-07,112,,,Glushkov+2025 (arXiv:2506.00517) Table 1 event 'Arian'; date printed 07/05/1989 (day-first assumed); printed log10(E/eV)=20.05 (=1.12e20 eV; text says approx 1.1e20 eV); theta=58.7; printed RA=75.0 Dec=45.6 with equinox not stated (printed l=162.0 b=2.6 fits B1950 l=161.5 b=2.5 better than J2000 l=161.2 b=2.0); ra/dec left empty
